CategoryID,CategoryName,Description
1,explain,People teacher race shoulder own rock something successful.
2,close,Occur soldier research from.
3,area,Protect sister add likely.
4,dinner,Pm understand clearly prepare.
5,treatment,Step think five raise.
6,form,Section now walk whole.
7,painting,Level table others bed thing song.
8,news,Feeling power risk story.
9,any,Hospital project work nature else sit.
10,word,Would image remember loss prevent.
11,speak,Something within participant into be history professor.
12,coach,Anything foot resource business war cell network good.
13,agent,Positive air follow with.
14,far,Nearly glass money.
15,wear,Her whether less.
16,current,Everything claim along score standard travel painting.
17,benefit,Short pretty visit reality pressure tend house close.
18,research,Success statement fact.
19,name,Pay college sort sometimes focus major.
20,seek,Design herself who shoulder mind husband risk.
21,poor,Thousand mean hundred crime street senior.
22,simple,Rather seek now three method easy.
23,account,Health enough behavior major.
24,among,Free opportunity certainly land agency.
25,course,Stand no look cost support member any.
26,even,Staff research land sort end management type.
27,fight,Wonder individual dream accept.
28,cover,Difference yes threat reality side article away.
29,ball,Customer police able.
30,civil,We laugh sing else natural soldier major poor.
31,set,No may herself box American.
32,rest,Glass art age.
33,impact,Ok sea consumer parent.
34,tonight,Raise board meet cause.
35,site,Bed exactly hit soldier economy ok this.
36,will,Recent especially center world never rate.
37,four,Paper skin human to through standard.
38,born,Send their option moment.
39,political,Few receive benefit state opportunity real.
40,tell,Nor consumer difference third morning miss.
41,plan,Station report add hear.
42,including,Per degree rest manager century.
43,simply,Enter bank teach bar rather remember.
44,however,Whatever data director court.
45,perhaps,Throw example high road.
46,school,Cultural important hot approach process where Mrs.
47,identify,Child small produce miss put.
48,together,Main especially also cold would inside most.
49,movie,Success state official himself pretty player capital.
50,term,Positive magazine radio along despite yard.
51,newspaper,Once per common seek own agree.
52,purpose,Board somebody kitchen despite.
53,coach,Full remain music picture.
54,security,Through spend fire future rate production.
55,only,Themselves they media politics table professional current.
56,same,Free itself between age house can.
57,man,Itself support yourself nearly act within.
58,task,Management stage gas also would.
59,huge,Particular interview hair impact rate sit other although.
60,game,Let recently rule experience ball religious board.
61,these,Cultural leave understand maintain visit scene.
62,data,New reason understand owner control down increase.
63,north,Society enough authority trial budget world.
64,with,Let record once poor very order final.
65,condition,Include guess phone from dream serious.
66,everyone,Large medical popular study dog position read form.
67,happen,Law cup consider matter draw.
68,drive,Exactly pretty as south design ask black.
69,number,Agreement scientist run.
70,other,Customer record national arrive buy property simple trouble.
71,exist,The purpose indeed threat.
72,just,Notice watch city test.
73,class,Heart customer bag yard have true.
74,soldier,Our without option.
75,big,Character perform indicate remain.
76,pattern,Other ok final company.
77,region,Hundred western determine increase song once with note.
78,other,Threat each serious campaign dinner lot avoid.
79,cover,Skill painting low go.
80,deep,American work line century.
81,tough,Cell market why business fish.
82,specific,Drive debate around page everybody.
83,degree,Who child minute news over where.
84,away,Take exactly difficult public interest pretty set.
85,add,Country fund first themselves.
86,minute,Great college society away interesting first view.
87,I,Or sister member.
88,seven,Along interesting ask hand party.
89,such,Sure bit claim wind.
90,instead,Child listen edge smile cell exactly party.
91,include,Apply car blood state.
92,today,Accept deal require.
93,forward,Child during point they.
94,chance,As ready college front look.
95,girl,Available though water research test.
96,suddenly,Imagine into next remember trade we manager.
97,move,Tree effect season necessary hand officer.
98,attorney,Society management serious social just direction.
99,want,Turn nor rich and box product.
100,collection,Matter game skin save number.
