CustomerID,FirstName,LastName,Email,PhoneNumber,Address
1,Thomas,Nolan,ljohnson@example.org,001-639-630-8426,"389 Williams Forges Suite 572
East Pamelatown, SD 59230"
2,Brandon,Walls,parsonsgrant@example.net,001-594-263-9567x730,"342 Penny Corners Apt. 813
West Vanessahaven, ND 62482"
3,Rachel,Taylor,dan79@example.org,890.936.3513x003,"8664 Kristen Road
Dudleyfurt, IN 80469"
4,Joshua,Cunningham,hjones@example.org,+1-366-906-7382,"083 Gibson Via Apt. 014
Cruzborough, NY 28987"
5,Monica,Johnson,kaneamanda@example.org,+1-562-443-6812x042,"84801 Gregory Turnpike Suite 617
Lake Daniellefurt, MH 37735"
6,Barbara,Davis,qhinton@example.org,001-658-217-6088,"3093 Jimenez Port
West Sandrabury, CA 01600"
7,Monica,Salazar,langbrooke@example.net,001-288-533-9251,"96235 Edwards Rapids
West Carl, VA 34979"
8,Stacy,James,jmayer@example.com,661.731.0906x5544,"490 Martinez Ville Suite 877
Richardland, MH 97549"
9,Calvin,Lopez,svalencia@example.org,768.971.0580x4376,"61608 Ashley Plain
Leonton, MH 42859"
10,Elizabeth,Christian,pmoore@example.com,470-598-1849,"50842 Jennifer Bypass
Susanville, HI 12348"
11,Lauren,Lucas,jlong@example.org,(779)667-7007,"09608 Jennifer Forges Suite 953
Martinland, IL 03612"
12,William,Brooks,christopher64@example.org,(374)215-1594,"3809 Leonard Extension Apt. 862
Burkeside, OR 54482"
13,Karl,Jackson,rosemegan@example.com,+1-390-299-1798x111,"0811 Kimberly Knolls
South Lanceland, MI 39998"
14,Pamela,Ochoa,rodriguezkyle@example.org,514-294-5981x96258,"93338 Harris Squares
Kennethland, VT 25477"
15,Marcus,Jones,odonnelltimothy@example.com,814-291-1318,"2897 Wallace Islands Suite 637
Rebeccashire, NC 47399"
16,Alan,Quinn,kathrynewing@example.org,560-300-5649,"50934 Hayes Row
West Anthony, WI 82371"
17,Connie,Francis,joseph68@example.net,292.772.0754,"30595 Garcia Lakes
New Elizabeth, PA 31811"
18,Rodney,Bowman,parsonsthomas@example.net,+1-390-882-0775,"502 Wilson Manors Apt. 072
South Zacharyberg, MO 40361"
19,Joshua,Rios,qmathis@example.com,001-481-330-3169x4300,"7609 Ashley Cove Suite 523
Jefferyview, IA 83884"
20,Linda,Robinson,gonzalezkatie@example.com,234.357.7034,"PSC 1775, Box 2664
APO AA 35278"
21,Jason,Mccoy,hmorales@example.net,(370)620-6400x09814,"0913 Mary Locks Apt. 243
West Meghan, MN 31533"
22,Dwayne,Henderson,lsaunders@example.com,+1-461-346-4623,"34624 Judith Plaza
Bernardfurt, AS 53298"
23,Anthony,Smith,james02@example.com,(493)588-6947,"1092 Ronald Extensions Apt. 703
Lake Sarah, MN 81289"
24,Nathan,Trevino,beckyfox@example.com,247-374-2124x733,"3235 Padilla Summit Suite 194
Marychester, HI 87150"
25,Alicia,Dixon,langlaura@example.com,(207)536-5271x99545,"3365 Watkins Throughway Apt. 741
Taraport, VA 29776"
26,Kayla,Atkins,cindydixon@example.net,6473764496,"20664 Rodriguez Road
Lake Sarahville, FM 07060"
27,Laurie,Hill,jessicakim@example.net,315.988.2611x916,"2852 James Burgs Suite 545
Smithview, NM 27018"
28,Barbara,Carter,fleblanc@example.com,(660)518-2001x1448,"7458 Fuller Burg
Angelafurt, KS 02220"
29,Adam,Mejia,danielle50@example.net,229.503.5393,"066 Margaret Square
New Alexanderstad, PW 31065"
30,Christian,Hernandez,gfernandez@example.net,232.881.0584x884,"76976 Derek Track Suite 402
North Juliamouth, DE 54190"
31,Ryan,Perry,howellcaleb@example.org,(605)302-4539x65912,"823 Michelle Islands Apt. 336
Smithfurt, CT 99573"
32,Zachary,Garza,richardsoncarla@example.com,001-717-789-4487,"2159 Albert Lodge
Ronaldland, ME 64388"
33,Stuart,Montgomery,sharibeasley@example.net,8672336800,"5529 Anthony Stream
South Tina, MS 95447"
34,Alejandra,Alvarez,wjones@example.com,(566)507-1446,"707 Stacy Ford
Edwardschester, CO 79444"
35,Brooke,Robinson,robinchavez@example.org,(306)897-1123,"7677 Baldwin Forks
Mccartybury, NE 76614"
36,Danny,Salazar,jacob99@example.com,+1-510-455-0971,"Unit 2812 Box 4395
DPO AP 35425"
37,Jason,Brewer,vmoore@example.com,3114451277,"1357 Anna Forges Suite 830
Davidfort, NV 57666"
38,Stacie,Stewart,riggssusan@example.org,362.921.1603x83910,"365 Garrett Flat
South Elizabethport, OK 44550"
39,Nicolas,Bell,dgreer@example.org,267-305-6603,"Unit 4408 Box 9857
DPO AA 00939"
40,Jennifer,Griffin,allisondavis@example.org,825.590.6012x513,"32881 Jennifer Glens
Ericberg, IN 45600"
41,Ryan,Robertson,timothy49@example.net,(356)982-3705x4327,"84432 Moreno Court
West Stevenville, KY 77133"
42,Melissa,Kirk,sherryhernandez@example.com,+1-417-670-3193x849,"979 Dominguez Mission
New Jacobland, KS 69937"
43,Mackenzie,Beard,freyelizabeth@example.net,(536)840-2073x14772,"2210 Lyons Lock Apt. 010
North Matthew, WY 82506"
44,Christopher,Thomas,qstanley@example.org,(404)425-8442,"41916 Davis Meadows
Whiteheadview, LA 40800"
45,Susan,Wheeler,randy18@example.net,+1-876-569-5725,"74735 Leah Ridges
South Keith, HI 76678"
46,Jennifer,Decker,obennett@example.net,707-340-8879,"5751 Miller Plain Apt. 724
North Ricky, MT 47122"
47,Cynthia,Baker,benjaminwilson@example.com,+1-392-743-9500,"1674 Jeff Course
Fernandezstad, VI 21770"
48,Jasmine,Herrera,hgrant@example.net,+1-919-988-5157x550,"21250 Adams Run
Port Monicatown, RI 05100"
49,Alex,Todd,jenniferbarton@example.net,(517)665-1574x8830,"3737 Erin Ramp
Johnsonburgh, VA 79595"
50,John,Brooks,cardenasbrandon@example.net,632.393.7902x22963,"94824 Horne Pines
Andrewmouth, KY 79260"
51,Daniel,Williams,haguilar@example.org,+1-343-320-8697x7521,"97836 Samantha Trace
West Heidi, TN 21695"
52,James,Callahan,smithpatricia@example.org,(421)783-2908x81867,"0214 Myers Hollow Suite 884
Scottport, NJ 80306"
53,Danielle,Peters,anthonycollins@example.com,(420)625-4657,"6019 Cox Shoals
Lawsonmouth, KY 14025"
54,Michael,Winters,willie60@example.org,(679)386-5636x1682,"4982 Douglas Radial
Sabrinatown, KS 90271"
55,Carol,Bird,ocopeland@example.net,(287)328-1182x5555,"838 Mario Drive
North Stacey, WY 38565"
56,Marc,Burnett,tammy83@example.org,446.239.5873x044,"8245 Mclean Pass
Simpsonchester, NH 23306"
57,Justin,Castaneda,williamserica@example.net,+1-532-211-0793x1466,"6084 Duran Squares
Danaborough, FM 73629"
58,Bobby,Hanson,adrian76@example.org,711.360.3002,"Unit 0118 Box 6740
DPO AP 59903"
59,Jessica,Marsh,debragross@example.net,360.616.1553x02416,"5857 Glover Forges Apt. 433
Fisherville, PA 05061"
60,Elizabeth,Hines,parkersteve@example.org,6002161288,"PSC 0088, Box 8187
APO AE 27600"
61,Nicole,Pennington,barrettoscar@example.com,535.472.6470x4883,"14921 Gabriel Expressway
Jamesfurt, GA 44191"
62,Sandy,Gonzales,stephaniemontes@example.org,529-743-8584x755,"041 Hill Shores
Marksshire, MN 33600"
63,Kelly,Hardy,larry65@example.org,001-869-319-9180x90235,"7949 Elizabeth Lock
Mcconnellberg, VA 08765"
64,Stephanie,Jackson,susan21@example.com,(937)326-9833x9455,"07630 Chandler Inlet Apt. 914
Port Alyssa, NM 96971"
65,Cynthia,Foster,nancyjames@example.com,512-250-0206,"1171 Miller Highway
East Sara, MO 32262"
66,James,Orr,randalldanielle@example.net,5896958525,"262 Cox Row Apt. 555
Christinaside, NE 14206"
67,Cheryl,Stanley,jwilliams@example.com,001-364-581-0766x508,"32892 Michael Field Suite 586
Amymouth, KY 17200"
68,Megan,Pham,robert23@example.net,+1-790-447-6984x197,"541 Castillo Mews
Lake Barrymouth, VT 66368"
69,Rachael,Ibarra,ambermarshall@example.net,287-313-0108,"7146 Wheeler Overpass
Michelleview, RI 65923"
70,Elizabeth,Bailey,reeseannette@example.com,572-529-7069x55046,"742 Cristina Fork
Courtneyville, NH 21221"
71,Bryan,Miller,erichall@example.org,(842)610-3999x4339,"622 Carr Station Suite 760
Aprilmouth, TX 98557"
72,Jennifer,Allen,charles72@example.org,(686)740-5517,"05649 Lynch Park Apt. 549
South Steve, ME 90449"
73,Jonathan,Molina,christinehenry@example.net,+1-725-224-8291x22073,"55753 Jennifer Village
West Kristamouth, AL 98915"
74,Tracy,Robinson,timothysmith@example.com,+1-899-267-7292x83646,"3728 Cory Throughway Apt. 043
Lake Timothy, MO 41234"
75,Kevin,Murray,uschroeder@example.net,(799)334-7593,"39029 Ryan Islands Suite 859
Hunterburgh, NM 91488"
76,Katelyn,Welch,howellsean@example.com,635-691-6329x13655,"2845 Russell Court
Jenkinsshire, AR 70533"
77,Edward,Kelley,qphelps@example.net,+1-950-427-8806x2086,"15047 Ryan Tunnel Apt. 549
North Destiny, VT 87178"
78,Amanda,Humphrey,paulmcguire@example.org,(900)888-8939x2309,"239 Arias Avenue
Lake Michael, VT 61429"
79,James,Pena,agarza@example.com,001-208-566-1973x0957,"06434 Watts Court
West Karen, AL 99295"
80,Cheryl,Mills,cartertravis@example.com,+1-405-881-0639x196,"1083 Miranda Route
New Vanessaview, WI 47267"
81,Alison,Davis,ecrawford@example.com,2776116778,"899 Morris Trafficway
North Latashashire, LA 67925"
82,Connor,Duffy,ysandoval@example.com,+1-888-973-8049,"2153 Gloria Causeway
Jasonton, PA 67240"
83,Katelyn,Young,velasquezdonald@example.net,506.224.0811,"1939 Andrade Trafficway
Lake Angelafurt, TX 98080"
84,Corey,Price,rvalenzuela@example.org,(646)981-4321,"888 Robert Gardens
Lake Jessicatown, MT 27253"
85,Elijah,Jackson,sarah29@example.org,001-312-207-8565x38763,"USNV Anderson
FPO AA 13881"
86,Lance,Miller,laurieoneill@example.com,+1-997-205-6367x36545,"87741 Steele Knoll
Josephshire, NV 79633"
87,Jennifer,Foster,wallelizabeth@example.net,4694095544,"0662 Samantha Alley
North Brandon, IN 78401"
88,Tara,Andrews,sandraclark@example.org,621-333-3513,"703 Ford Hills Suite 718
South Debraview, NC 30282"
89,Matthew,Stone,dawnbrown@example.net,+1-209-200-0919x8558,"9353 Nguyen Ports
North Joseph, MP 93217"
90,Travis,Randolph,wsmith@example.org,640-345-7151x432,"65329 Beverly Way Apt. 068
Nicoleland, NJ 73164"
91,Michael,Cunningham,davisholly@example.net,633.212.7620,"23677 Noah Mews
North Sara, WI 20706"
92,Gregory,Rubio,reesemichael@example.net,(333)885-6826x33730,"87449 Goodwin Fords
South Brenda, OR 13341"
93,Duane,Church,kylie41@example.net,522-520-2587,"8201 Robert Burg Suite 411
Clinemouth, MS 15880"
94,Donna,Dougherty,gonzalezbrent@example.org,+1-233-578-0046x1811,"USS Carr
FPO AP 22790"
95,Michelle,Rodriguez,kmack@example.com,281-555-0619x3999,"9148 Hernandez Village
Lake Ralph, NY 75626"
96,Carrie,Fields,rrice@example.net,(496)392-0288,"Unit 8675 Box 3918
DPO AP 57724"
97,Timothy,Rodriguez,michelle94@example.net,237.486.7808x815,"26784 Adam Square
East Jeremyhaven, MA 49962"
98,Frank,Padilla,tim34@example.com,001-600-267-7626x61271,"70501 Amy Estates
Lake Ronald, VT 48369"
99,Chad,Snyder,mariacollins@example.com,673-564-4513,"807 Anne Forges
Shawport, KS 23589"
100,Carlos,Castillo,victor45@example.org,970.736.5560x6238,"39876 Stuart Cove Apt. 944
Danielview, PA 52806"
