SupplierID,SupplierName,SupplierAddress,SupplierEmail
1,ABC Inc,"123 Main Street, Anytown, California, India",abc@example.com
2,XYZ Corp,"456 Elm Avenue, Smallville, New York, Canada",xyz@example.com
3,Acme Suppliers,"789 Oak Lane, Pleasantville, Texas, United Kingdom",acme@example.com
4,Global Goods,"101 Pine Road, Springfield, Illinois, Australia",global@example.com
5,Great Suppliers,"234 Cedar Street, Rivertown, Florida, Germany",great@example.com
6,Superior Suppliers,"567 Maple Drive, Lakeside, Washington, France",superior@example.com
7,Top Notch Suppliers,"890 Birch Avenue, Mountainview, Arizona, Japan",topnotch@example.com
8,Quality Supplies,"321 Willow Court, Lakeshore, Michigan, Brazil",quality@example.com
9,Reliable Suppliers,"654 Redwood Lane, Sunnyside, North Carolina, Mexico",reliable@example.com
10,Preferred Providers,"987 Spruce Road, Greenfield, Ohio, China",preferred@example.com
11,Supreme Suppliers,"222 Oak Street, Riverdale, Georgia, Italy",supreme@example.com
12,Elite Providers,"555 Pine Avenue, Lakeside, Colorado, Spain",elite@example.com
13,First Class Suppliers,"777 Elm Lane, Sunnyside, Maryland, Argentina",firstclass@example.com
14,Premium Goods,"888 Maple Road, Springfield, Pennsylvania, South Africa",premium@example.com
15,Trustworthy Suppliers,"999 Birch Drive, Pleasantville, Virginia, New Zealand",trustworthy@example.com
16,Global Suppliers,"333 Willow Court, Anytown, Massachusetts, Switzerland",global@example.com
17,Prime Suppliers,"444 Redwood Drive, Mountainview, Nevada, Sweden",prime@example.com
18,Quality Providers,"666 Cedar Lane, Greenfield, Oregon, Norway",quality@example.com
19,Top Suppliers,"777 Oak Road, Smalltown, New Jersey, Netherlands",top@example.com
20,Leading Suppliers,"888 Elm Lane, Rivertown, Ohio, Singapore",leading@example.com
21,Reliable Providers,"666 Birch Drive, Lakeshore, Pennsylvania, Malaysia",reliable@example.com
22,Preferred Suppliers,"444 Pine Avenue, Anyville, California, Thailand",preferred@example.com
23,Top-notch Suppliers,"555 Willow Street, Sunnyside, Arizona, Indonesia",topnotch@example.com
24,Pro Suppliers,"222 Spruce Road, Riverdale, Washington, Portugal",pro@example.com
25,Supreme Providers,"999 Cedar Lane, Pleasantville, Texas, Greece",supreme@example.com
26,Superior Providers,"555 Oak Lane, Anytown, Florida, Chile",superior@example.com
27,Premium Providers,"777 Maple Drive, Smallville, Illinois, Russia",premium@example.com
28,Elite Suppliers,"666 Redwood Drive, Lakeside, Michigan, South Korea",elite@example.com
29,Quality Suppliers,"444 Elm Road, Greenfield, North Carolina, Turkey",quality@example.com
30,Leading Providers,"888 Pine Court, Mountainview, Georgia, Egypt",leading@example.com
31,First Class Suppliers,"123 Willow Drive, Sunnyside, Nevada, Peru",firstclass@example.com
32,Pro Providers,"789 Cedar Street, Springfield, Colorado, Saudi Arabia",pro@example.com
33,Trustworthy Suppliers,"101 Birch Avenue, Anytown, Maryland, Israel",trustworthy@example.com
34,Prime Suppliers,"987 Oak Lane, Pleasantville, Virginia, Poland",prime@example.com
35,Global Providers,"123 Elm Road, Rivertown, New York, Finland",global@example.com
36,Quality Goods,"555 Maple Drive, Smalltown, Oregon, Hungary",quality@example.com
37,Supreme Goods,"444 Willow Street, Greenfield, Massachusetts, Ireland",supreme@example.com
38,Superior Goods,"888 Redwood Court, Riverdale, New Jersey, Ukraine",superior@example.com
39,Premium Suppliers,"777 Spruce Avenue, Lakeshore, Ohio, Sweden",premium@example.com
40,Preferred Goods,"666 Cedar Road, Anyville, Pennsylvania, Malaysia",preferred@example.com
41,Elite Suppliers,"234 Pine Lane, Lakeside, Arizona, Thailand",elite@example.com
42,First Class Goods,"321 Elm Street, Springfield, Washington, Mexico",firstclass@example.com
43,Top-notch Suppliers,"654 Oak Drive, Anytown, Michigan, Argentina",topnotch@example.com
44,Trustworthy Goods,"999 Birch Avenue, Sunnyside, Illinois, Italy",trustworthy@example.com
45,Leading Goods,"567 Willow Road, Pleasantville, North Carolina, Australia",leading@example.com
46,Quality Suppliers,"101 Maple Road, Mountainview, Georgia, South Africa",quality@example.com
47,Reliable Goods,"555 Redwood Avenue, Rivertown, Florida, Brazil",reliable@example.com
48,Pro Suppliers,"444 Spruce Lane, Greenfield, Maryland, Canada",pro@example.com
49,Prime Goods,"987 Cedar Court, Smalltown, Texas, United Kingdom",prime@example.com
50,Superior Suppliers,"123 Elm Drive, Lakeshore, Colorado, Japan",superior@example.com
51,Preferred Goods,"321 Oak Avenue, Springfield, Oregon, France",preferred@example.com
52,Global Suppliers,"789 Pine Road, Anyville, Virginia, Germany",global@example.com
53,Trustworthy Providers,"666 Willow Street, Sunnyside, New York, Spain",trustworthy@example.com
54,Leading Suppliers,"222 Maple Drive, Smalltown, Nevada, China",leading@example.com
55,Premium Goods,"567 Redwood Lane, Pleasantville, California, Russia",premium@example.com
56,Top-notch Suppliers,"234 Spruce Road, Anytown, New Jersey, South Korea",topnotch@example.com
57,Supreme Goods,"555 Cedar Lane, Rivertown, Pennsylvania, Chile",supreme@example.com
58,Elite Suppliers,"444 Birch Road, Lakeside, Michigan, Indonesia",elite@example.com
59,Reliable Goods,"101 Oak Street, Greenfield, North Carolina, Thailand",reliable@example.com
60,Pro Suppliers,"888 Willow Court, Mountainview, Ohio, Singapore",pro@example.com
61,First Class Goods,"123 Pine Avenue, Sunnyside, Illinois, Malaysia",firstclass@example.com
62,Premium Suppliers,"987 Elm Drive, Anytown, Georgia, Saudi Arabia",premium@example.com
63,Prime Goods,"321 Redwood Drive, Riverdale, Florida, Egypt",prime@example.com
64,Global Suppliers,"555 Spruce Lane, Pleasantville, Maryland, Peru",global@example.com
65,Preferred Goods,"777 Cedar Road, Smallville, Texas, Greece",preferred@example.com
66,Quality Suppliers,"789 Maple Avenue, Lakeshore, Washington, Chile",quality@example.com
67,Leading Goods,"666 Willow Street, Anyville, Texas, United Kingdom",leading@example.com
68,Top-notch Suppliers,"234 Elm Road, Springfield, Arizona, Spain",topnotch@example.com
69,Pro Goods,"444 Oak Drive, Greenfield, New York, Italy",pro@example.com
70,Supreme Suppliers,"567 Pine Lane, Rivertown, Nevada, Australia",supreme@example.com
71,Superior Goods,"888 Redwood Road, Smalltown, Oregon, Brazil",superior@example.com
72,Reliable Suppliers,"777 Birch Court, Mountainview, Ohio, Canada",reliable@example.com
73,Preferred Goods,"101 Cedar Drive, Sunnyside, Pennsylvania, Mexico",preferred@example.com
74,Elite Suppliers,"555 Spruce Street, Anytown, Michigan, Germany",elite@example.com
75,First Class Goods,"987 Willow Avenue, Pleasantville, North Carolina, France",firstclass@example.com
76,Quality Suppliers,"123 Maple Avenue, Lakeside, Maryland, South Africa",quality@example.com
77,Top-notch Goods,"789 Oak Lane, Greenfield, Georgia, New Zealand",topnotch@example.com
78,Prime Suppliers,"321 Elm Road, Smallville, Florida, Switzerland",prime@example.com
79,Trustworthy Goods,"444 Redwood Drive, Riverdale, Illinois, Sweden",trustworthy@example.com
80,Leading Suppliers,"666 Pine Road, Anyville, Virginia, Norway",leading@example.com
81,Pro Goods,"555 Birch Lane, Mountainview, California, Netherlands",pro@example.com
82,Reliable Suppliers,"234 Willow Court, Springfield, New Jersey, Singapore",reliable@example.com
83,Premium Goods,"777 Cedar Avenue, Sunnyside, Texas, Malaysia",premium@example.com
84,Elite Suppliers,"888 Oak Drive, Lakeshore, Washington, Thailand",elite@example.com
85,Quality Goods,"101 Elm Street, Smalltown, Oregon, Indonesia",quality@example.com
86,Superior Suppliers,"567 Spruce Avenue, Rivertown, Colorado, Portugal",superior@example.com
87,Preferred Goods,"789 Pine Drive, Pleasantville, Ohio, Greece",preferred@example.com
88,Prime Suppliers,"444 Redwood Lane, Greenfield, New York, Chile",prime@example.com
89,Global Goods,"321 Maple Road, Anytown, Pennsylvania, Argentina",global@example.com
90,Pro Goods,"555 Willow Street, Anyville, North Carolina, Saudi Arabia",pro@example.com
91,Supreme Suppliers,"666 Elm Avenue, Sunnyside, Georgia, Israel",supreme@example.com
92,Leading Goods,"987 Cedar Drive, Mountainview, Illinois, Poland",leading@example.com
93,First Class Suppliers,"123 Spruce Road, Lakeside, Maryland, Finland",firstclass@example.com
94,Top-notch Goods,"888 Birch Court, Smalltown, Florida, Hungary",topnotch@example.com
95,Quality Suppliers,"234 Oak Lane, Greenfield, Virginia, Ireland",quality@example.com
96,Reliable Goods,"789 Redwood Avenue, Pleasantville, Michigan, Ukraine",reliable@example.com
97,Preferred Suppliers,"777 Willow Road, Springfield, Texas, Sweden",preferred@example.com
98,Elite Goods,"101 Pine Avenue, Rivertown, Washington, Malaysia",elite@example.com
99,Trustworthy Suppliers,"456 Elm Lane, Anytown, Ohio, Thailand",trustworthy@example.com
100,Global Goods,"654 Oak Drive, Sunnyside, California, Indonesia",global@example.com